{"Id": {"mean": -0.0025849048962040587, "std": 0.0029871233376770876}, "MSSubClass": {"mean": -0.02257535607161747, "std": 0.009863583546592003}, "LotFrontage": {"mean": -0.003310322142476925, "std": 0.010885320661542262}, "LotArea": {"mean": 0.014188837329373316, "std": 0.004067720146452664}, "OverallQual": {"mean": 0.08841766342636748, "std": 0.010563233137058906}, "OverallCond": {"mean": 0.045075883922712195, "std": 0.006497108734321557}, "YearBuilt": {"mean": 0.05113227401656485, "std": 0.014081513234718679}, "YearRemodAdd": {"mean": 0.02195643988874378, "std": 0.006099414278859378}, "MasVnrArea": {"mean": 0, "std": 1}, "BsmtUnfSF": {"mean": 0, "std": 1}, "1stFlrSF": {"mean": 0, "std": 1}, "GrLivArea": {"mean": 0.10709844059196812, "std": 0.018413227125855844}, "BsmtFullBath": {"mean": 0.027331026079093244, "std": 0.009078783317183464}, "BsmtHalfBath": {"mean": 0.002700492894425357, "std": 0.003602188079334316}, "FullBath": {"mean": 0.010481107139884588, "std": 0.008264432234327962}, "HalfBath": {"mean": 0.011766162865379069, "std": 0.00519196238289787}, "BedroomAbvGr": {"mean": 0.005053013326658379, "std": 0.005802014923912999}, "KitchenAbvGr": {"mean": -0.008724718428535658, "std": 0.005591739243171407}, "TotRmsAbvGrd": {"mean": 0.0191791120838808, "std": 0.010194153995164696}, "Fireplaces": {"mean": 0.02322479558764086, "std": 0.004829852926606826}, "GarageYrBlt": {"mean": -0.006367423903929153, "std": 0.006208673835778793}, "GarageCars": {"mean": 0.040966305253183795, "std": 0.01824108752481497}, "GarageArea": {"mean": 0.015352392501713724, "std": 0.01362484463699832}, "WoodDeckSF": {"mean": 0.013889623696451034, "std": 0.004443609923051224}, "EnclosedPorch": {"mean": 0.005709961507122813, "std": 0.004648704677382587}, "3SsnPorch": {"mean": 0.005712726625564819, "std": 0.0030298082116054542}, "ScreenPorch": {"mean": 0.014512600480426288, "std": 0.0034336745026950213}, "PoolArea": {"mean": 0, "std": 1}, "MiscVal": {"mean": 0, "std": 1}, "YrSold": {"mean": -0.0038990010480943974, "std": 0.0037140990359504056}, "MSZoning_RM": {"mean": -0.04135663568018541, "std": 0.02363984148195917}, "LotShape_IR2": {"mean": 0, "std": 1}, "LotShape_IR3": {"mean": 0, "std": 1}, "LandContour_HLS": {"mean": 0, "std": 1}, "LandContour_Lvl": {"mean": 0, "std": 1}, "LotConfig_CulDSac": {"mean": 0.03459554923688385, "std": 0.01585754016696276}, "LotConfig_Inside": {"mean": 0, "std": 1}, "Neighborhood_BrkSide": {"mean": 0, "std": 1}, "Neighborhood_ClearCr": {"mean": 0, "std": 1}, "Neighborhood_Crawfor": {"mean": 0.0816662016545482, "std": 0.02174241938109841}, "Neighborhood_Edwards": {"mean": -0.03869522022840713, "std": 0.021324108285705}, "Neighborhood_Gilbert": {"mean": 0, "std": 1}, "Neighborhood_NoRidge": {"mean": 0, "std": 1}, "Neighborhood_NridgHt": {"mean": 0.059602521224570965, "std": 0.03035873846608223}, "Neighborhood_Somerst": {"mean": 0.03626410347038588, "std": 0.026464970793388342}, "Neighborhood_StoneBr": {"mean": 0.07187511440130391, "std": 0.038209283888181046}, "Condition1_Norm": {"mean": 0.04775228778088905, "std": 0.01035063250021835}, "BldgType_2fmCon": {"mean": 0, "std": 1}, "BldgType_Twnhs": {"mean": -0.028718004713356452, "std": 0.02057462467049731}, "HouseStyle_2Story": {"mean": 0, "std": 1}, "RoofStyle_Gable": {"mean": 0, "std": 1}, "Exterior1st_BrkFace": {"mean": 0.06921779900798632, "std": 0.020010831027334808}, "Exterior1st_MetalSd": {"mean": 0, "std": 1}, "Exterior2nd_Wd Sdng": {"mean": 0, "std": 1}, "ExterQual_TA": {"mean": 0, "std": 1}, "ExterCond_TA": {"mean": 0, "std": 1}, "Foundation_PConc": {"mean": 0.03955964839970886, "std": 0.014078670461320126}, "BsmtQual_Gd": {"mean": -0.015701531099694438, "std": 0.012447663048127612}, "BsmtQual_TA": {"mean": -0.021039483962692982, "std": 0.015672644028818336}, "BsmtCond_TA": {"mean": 0.019797143417384987, "std": 0.01477133991790582}, "BsmtExposure_Gd": {"mean": 0.035455216224960895, "std": 0.015345721543996028}, "BsmtExposure_No": {"mean": -0.016743480993955447, "std": 0.009193801148748331}, "BsmtFinType1_GLQ": {"mean": 0, "std": 1}, "BsmtFinType1_Unf": {"mean": -0.02665583049435749, "std": 0.022921713637244906}, "HeatingQC_Gd": {"mean": -0.011326483200136572, "std": 0.009000095205611996}, "HeatingQC_TA": {"mean": 0, "std": 1}, "CentralAir_Y": {"mean": 0.04538994545608681, "std": 0.022428571686527437}, "KitchenQual_Gd": {"mean": 0, "std": 1}, "KitchenQual_TA": {"mean": -0.01527079655498757, "std": 0.012785015057126037}, "Functional_Typ": {"mean": 0.052153361237638106, "std": 0.01613080106573186}, "GarageType_Attchd": {"mean": 0.010312717928245613, "std": 0.008672399151860778}, "GarageFinish_Unf": {"mean": -0.011768716400582113, "std": 0.008765238274263665}, "PavedDrive_Y": {"mean": 0, "std": 1}, "Fence_GdWo": {"mean": 0, "std": 1}, "Fence_MnPrv": {"mean": 0.011831358369337226, "std": 0.009886682826396194}, "SaleCondition_Normal": {"mean": 0.025528377545843587, "std": 0.021862318002292977}, "SaleCondition_Partial": {"mean": 0.03573415317678063, "std": 0.027606859411053175}}